id;matricule;nom;prenom;date_naissance;lieu_naissance;nationalite;telephone;adresse;date_dece;cause_dece
1;lâche à condition que;drôlement déjà foule;renaître;2024-03-20T10:19:59;tsoin-tsoin entièrement au prix de;ouah psitt;0360575307;attarder relier;2024-03-19T16:32:07;ajouter géométrique
2;loin biathlète;malgré responsable à cause de;prout;2024-03-19T14:26:28;tandis que bof ah;antagoniste;+33 124711349;diététiste commissionnaire;2024-03-19T23:44:15;miaou comprendre zzzz
3;du moment que;moins;corps enseignant ressortir sale;2024-03-20T07:21:37;miaou;mince;0648592324;lunatique au-dedans de;2024-03-20T03:40:00;diplomate
4;livrer snif;du fait que profiter avare;vouh équipe;2024-03-20T04:30:38;moins;sage debout moyennant;+33 182060640;aigre sauf sombre;2024-03-20T08:03:06;tout trop tard
5;de manière à situer;économiser snif après que;secours aussi;2024-03-20T06:39:28;de crainte que beaucoup membre à vie;rire rédaction;+33 415144250;quoique contre;2024-03-19T12:27:49;là
6;par rapport à loufoque;amorphe beaucoup;entretenir;2024-03-19T13:33:19;à la merci danser;cyan;0405027554;dès;2024-03-20T06:58:55;triangulaire oups
7;a;sauf à pour que;bien que;2024-03-20T01:27:51;gens favoriser;occuper dès que triathlète;0321824563;à l'encontre de consacrer de peur de;2024-03-19T22:51:31;falloir
8;rafraîchir;conserver;diablement;2024-03-20T03:10:03;percevoir;équipe afin que inspecter;0152806973;visiter tant réciter;2024-03-19T16:00:48;équipe porte-parole
9;hâter dring passer;dévorer touchant après-demain;pschitt mélancolique jusqu’à ce que;2024-03-20T08:43:25;jusqu’à ce que;splendide formuler virer;+33 429912230;coac coac tic-tac;2024-03-20T00:06:18;obliger terne vis-à-vie de
10;malade;secouer admirablement;dedans tic-tac considérable;2024-03-20T06:44:04;porte-parole tendre;pendant que approuver débile;+33 389965610;considérable;2024-03-19T18:55:48;sans foule vouh
